Id,Label,Category,Module,NodePattern,AccessPattern,TypeName,File,StateMember,ClassID,Rank,FileLineRange
43,~~this~~,Field,50,12,0,A,\A,0,42,-1,(0:0-7): 
44,A,Constructor,50,12,0,A,\A,0,42,-1,(1:7-7): 
45,main,Method,50,12,0,A,\A,0,42,-1,(2:16-19): 
46,~~this~~,Field,51,12,0,B,\B,0,43,-1,(0:0-7): 
47,B,Constructor,51,12,0,B,\B,0,43,-1,(1:7-7): 
48,say,Method,51,12,0,B,\B,0,43,-1,(2:23-25): 
49,goBackToMain,Method,51,12,0,B,\B,0,43,-1,(5:16-27): 
51,A,CLASS,50,12,0,A,\A,0,42,-1,(1:7-7): 
52,B,CLASS,51,12,0,B,\B,0,43,-1,(1:7-7): 
