[{"color": "red", "weight": "heavy", "flavor": "strong", "personality": "saccharine", "id": "403e7a9a348b4e2688199a2d2fc8a990"}, {"color": "brown", "weight": "medium", "flavor": "weak", "personality": "cruel", "id": "9ed0d69569e444eda16c1fabd9520544"}, {"color": "pink", "weight": "light", "flavor": "medium", "personality": "impetuous", "id": "b54be7660de440b482f9a05ad9481b46"}, {"color": "green", "weight": "light", "flavor": "strong", "personality": "vile", "id": "78128e8221454204a69b00a989937625"}, {"id": "e3ae4af68ca244488e583edc166a07fc", "color": "white", "weight": "light", "flavor": "weak", "personality": "severe"}, {"color": "gray", "weight": "medium", "flavor": "rotten", "personality": "dead", "id": "9afb8de9725942f3af8d6b8ee2f3c819"}, {"color": "pale", "weight": "light", "flavor": "fishy", "personality": "flippant", "id": "f894947d427646019f4c53b18f4f1acf"}, {"color": "orange", "weight": "medium", "flavor": "curry", "personality": "wild", "id": "6be34a5edda140888783d4ba16b8f4e3"}]