{"Version": "3.1", "Views": {"main": {"Image": "main.png", "Widgets": ["mainFocused", "fMenu", "aMenu", "titlebar", "fMenu", "aMenu", "closeButton", "nullMenu", "widgetList"]}, "fileMenu": {"Image": "fileMenu.png", "Foreign": {"main": [-5, 0]}, "Widgets": ["closeButton", "fAnchor", "nullMenu", "aMenu", "newProject", "openProject", "exitButton", "closeProject", "saveProject"]}, "viewMenu": {"Image": "viewMenu.png", "Widgets": ["vAnchor", "nullMenu", "fMenu", "clearButton", "avButton", "rvButton", "dvButton", "evButton"], "Foreign": {"main": [-28, -22]}}, "unfocusedMain": {"Image": "unfocusedMain.png", "Widgets": ["unfocusedMainAnchor"]}}, "Widgets": [{"name": "mainFocused", "view": "main", "type": "Anchor", "X": "6", "Y": "6", "width": "109", "height": "19"}, {"name": "titlebar", "view": "main", "type": "MovePoint", "X": "156", "Y": "9", "width": "143", "height": "11"}, {"Link": "fileMenu", "name": "fMenu", "view": "main", "type": "Button", "X": "5", "Y": "33", "width": "30", "height": "15"}, {"Link": "viewMenu", "name": "aMenu", "view": "main", "type": "Button", "X": "38", "Y": "32", "width": "83", "height": "15"}, {"Link": "main", "name": "closeButton", "view": "main", "type": "Button", "X": "560", "Y": "5", "width": "34", "height": "19"}, {"name": "fAnchor", "view": "fileMenu", "type": "Anchor", "X": "4", "Y": "5", "width": "50", "height": "79"}, {"name": "vAnchor", "view": "viewMenu", "type": "Anchor", "X": "7", "Y": "5", "width": "36", "height": "43"}, {"Link": "main", "name": "nullMenu", "view": "main", "type": "Button", "X": "126", "Y": "31", "width": 68, "height": 14}, {"Link": "main", "name": "newProject", "view": "fileMenu", "type": "Button", "X": "14", "Y": "51", "width": "46", "height": "18"}, {"Link": "main", "name": "openProject", "view": "fileMenu", "type": "Button", "X": "15", "Y": "71", "width": "46", "height": "18"}, {"Link": "main", "name": "exitButton", "view": "fileMenu", "type": "Button", "X": "13", "Y": "154", "width": "50", "height": "19"}, {"Link": "main", "name": "clearButton", "view": "viewMenu", "type": "Button", "X": "20", "Y": "33", "width": "80", "height": "13"}, {"Link": "main", "name": "avButton", "view": "viewMenu", "type": "Button", "X": "23", "Y": "57", "width": "60", "height": "14"}, {"Link": "main", "name": "rvButton", "view": "viewMenu", "type": "Button", "X": "25", "Y": "77", "width": "73", "height": "14"}, {"Link": "main", "name": "dvButton", "view": "viewMenu", "type": "Button", "X": "22", "Y": "114", "width": "51", "height": "16"}, {"Link": "main", "name": "closeProject", "view": "fileMenu", "type": "Button", "X": "9", "Y": "128", "width": "53", "height": "18"}, {"name": "widgetList", "view": "main", "type": "Text Field", "X": "4", "Y": "70", "width": "577", "height": "460"}, {"name": "unfocusedMainAnchor", "view": "unfocusedMain", "type": "Anchor", "X": "7", "Y": "4", "width": "112", "height": "19"}, {"Link": "main", "name": "evButton", "view": "viewMenu", "type": "Button", "X": "24", "Y": "94", "width": "50", "height": "17"}, {"Link": "main", "name": "saveProject", "view": "fileMenu", "type": "Button", "X": "16", "Y": "88", "width": "46", "height": "20"}]}