{"Version": "3.1", "Views": {"main": {"Image": "main.png", "Widgets": ["mainTitleFocused", "fMenu", "aMenu", "titlebar", "fMenu", "aMenu", "closeButton", "nullMenu"]}, "fileMenu": {"Image": "fileMenu.png", "Foreign": {"main": [-5, 0]}, "Widgets": ["closeButton", "fAnchor", "nullMenu"]}, "saveWindow": {"Image": "saveWindow.png"}, "widgetMultiselect": {"Image": "widgetMultiselect.png"}, "widgetEditor": {"Image": "widgetEditor.png"}, "viewSingleSelect": {"Image": "viewSingleSelect.png"}, "viewDropDown": {"Image": "viewDropDown.png"}, "viewMenu": {"Image": "viewMenu.png", "Widgets": ["vAnchor", "nullMenu"], "Foreign": {"main": [-28, -22]}}}, "Widgets": [{"name": "mainTitleFocused", "view": "main", "type": "Anchor", "X": "6", "Y": "6", "width": "109", "height": "64", "Image file name": "mainFocused.png"}, {"name": "titlebar", "view": "main", "type": "MovePoint", "X": "156", "Y": "9", "width": "143", "height": "11", "Image file name": "titlebar.png"}, {"name": "fMenu", "view": "main", "type": "Button", "X": "5", "Y": "33", "width": "30", "height": "15", "Link": "fileMenu"}, {"name": "aMenu", "view": "main", "type": "Button", "X": "38", "Y": "32", "width": "83", "height": "15", "Link": "viewMenu"}, {"name": "closeButton", "view": "main", "type": "Button", "X": "560", "Y": "5", "width": "34", "height": "19", "Link": "saveWindow"}, {"name": "fAnchor", "view": "fileMenu", "type": "Anchor", "X": "4", "Y": "5", "width": "50", "height": "79", "Image file name": "fAnchor.png"}, {"name": "vAnchor", "view": "viewMenu", "type": "Anchor", "X": "7", "Y": "5", "width": "36", "height": "103", "Image file name": "vAnchor.png"}, {"name": "nullMenu", "view": "main", "type": "Button", "X": "126", "Y": "31", "width": 68, "height": 14, "Link": "main"}]}