{"Version": "3.1", "Views": {"imageWindow": {"Image": "imageWindow.png", "Widgets": ["titlebar", "mainWindow", "mainPanel"]}, "iwUnfocused": {"Image": "iwUnfocused.png", "Foreign": {}, "Widgets": ["unMainWindow", "titlebar"]}}, "Widgets": [{"name": "mainWindow", "view": "imageWindow", "type": "Anchor", "X": "7", "Y": "3", "width": "108", "height": "22"}, {"name": "titlebar", "view": "imageWindow", "type": "MovePoint", "X": "113", "Y": "7", "width": "66", "height": "19"}, {"name": "unMainWindow", "view": "iwUnfocused", "type": "Anchor", "X": "8", "Y": "3", "width": "104", "height": "21"}, {"name": "mainPanel", "view": "imageWindow", "type": "Button", "X": "5", "Y": "81", "width": "476", "height": "429", "Link": "<None>"}]}