{"Version": "3.1", "Views": {"deleteView": {"Image": "deleteView.png", "Widgets": ["deleteAnchor", "dvYes", "dvNo"]}, "imageUpdate": {"Image": "imageUpdate.png", "Widgets": ["updateAnchor", "iuOK"]}, "openFile": {"Image": "openFile.png", "Widgets": ["openProjectAnchor", "folderText", "fileText", "ofOpen", "ofCancel"]}, "saveProgress": {"Image": "saveProgress.png", "Widgets": ["saveProgressAnchor", "spOK"]}, "imageDefinition": {"Image": "imageDefinition.png", "Widgets": ["vdAnchor", "viewName", "idOk", "idCancel"]}, "saveDecision": {"Image": "saveDecision.png", "Widgets": ["saveChangeAnchor", "scYesButton", "scNoButton", "scCancelButton"]}, "singleViewSelect": {"Image": "singleViewSelect.png", "Widgets": ["singleViewAnchor", "svsDoneButton", "svsCancelButton", "viewNameText"]}, "projectStart": {"Image": "projectStart.png", "Widgets": ["projectStartAnchor", "psOK"]}, "saveFile": {"Image": "saveFile.png", "Widgets": ["saveProjectAnchor", "saveFolderText", "saveFileText", "sfCancel", "sfSave"]}, "widgetEditor": {"Image": "widgetEditor.png", "Widgets": ["widgetEditAnchor", "weNameText", "weDrop", "left", "right", "long_up", "up", "down", "long_down", "long_narrow", "narrow", "wide", "long_wide", "long_short", "short", "tall", "long_tall", "x_value", "y_value", "w_value", "h_value", "add_widget", "delete_button", "cancel_button", "group_text", "value_text", "direction_dd", "checked_select", "unchecked_select", "we_close_button", "long_right", "long_left"]}, "widgetType": {"Image": "widgetType.png", "Widgets": ["widgetTypeAnchor", "wtButton", "wtText", "wtLabel", "wtList", "wtTab", "wtCheckbox", "wtRadio", "wtAnchor", "wtMovePoint", "wtScrollButton"]}, "weUnfocused": {"Image": "weUnfocused.png", "Widgets": ["we_unfocused_anchor"]}, "weDirection": {"Image": "weDirection.png", "Widgets": ["direction_anchor", "east_button", "south_button", "west_button", "north_button", "none_button"]}}, "Widgets": [{"name": "vdAnchor", "view": "imageDefinition", "type": "Anchor", "X": "99", "Y": "33", "width": "112", "height": "20"}, {"name": "updateAnchor", "view": "imageUpdate", "type": "Anchor", "X": "7", "Y": "5", "width": "106", "height": "17"}, {"name": "openProjectAnchor", "view": "openFile", "type": "Anchor", "X": "10", "Y": "5", "width": "81", "height": "20"}, {"name": "saveProgressAnchor", "view": "saveProgress", "type": "Anchor", "X": "10", "Y": "7", "width": "121", "height": "17"}, {"name": "deleteAnchor", "view": "deleteView", "type": "Anchor", "X": "6", "Y": "4", "width": "122", "height": "18"}, {"name": "dvYes", "view": "deleteView", "type": "Button", "X": "195", "Y": "117", "width": "79", "height": "26", "Link": "<None>"}, {"name": "dvNo", "view": "deleteView", "type": "Button", "X": "281", "Y": "119", "width": "81", "height": "25", "Link": "<None>"}, {"name": "iuOK", "view": "imageUpdate", "type": "Button", "X": "186", "Y": "114", "width": "78", "height": "29", "Link": "<None>"}, {"name": "folderText", "view": "openFile", "type": "Text Field", "X": "384", "Y": "40", "width": "10", "height": "13"}, {"name": "fileText", "view": "openFile", "type": "Text Field", "X": "199", "Y": "409", "width": "222", "height": "15"}, {"name": "ofOpen", "view": "openFile", "type": "Button", "X": "463", "Y": "434", "width": "87", "height": "24", "Link": "<None>"}, {"name": "ofCancel", "view": "openFile", "type": "Button", "X": "563", "Y": "433", "width": "86", "height": "22", "Link": "<None>"}, {"name": "spOK", "view": "saveProgress", "type": "Button", "X": "101", "Y": "118", "width": "74", "height": "23", "Link": "<None>"}, {"name": "viewName", "view": "imageDefinition", "type": "Text Field", "X": "13", "Y": "59", "width": "202", "height": "14"}, {"name": "idOk", "view": "imageDefinition", "type": "Button", "X": "72", "Y": "87", "width": "81", "height": "24", "Link": "<None>"}, {"name": "idCancel", "view": "imageDefinition", "type": "Button", "X": "164", "Y": "87", "width": "80", "height": "25", "Link": "<None>"}, {"name": "saveChangeAnchor", "view": "saveDecision", "type": "Anchor", "X": "9", "Y": "5", "width": "102", "height": "21"}, {"name": "scYesButton", "view": "saveDecision", "type": "Button", "X": "76", "Y": "119", "width": "75", "height": "22", "Link": "<None>"}, {"name": "scNoButton", "view": "saveDecision", "type": "Button", "X": "157", "Y": "118", "width": "77", "height": "23", "Link": "<None>"}, {"name": "scCancelButton", "view": "saveDecision", "type": "Button", "X": "242", "Y": "118", "width": "75", "height": "23", "Link": "<None>"}, {"name": "singleViewAnchor", "view": "singleViewSelect", "type": "Anchor", "X": "13", "Y": "9", "width": "94", "height": "22"}, {"name": "svsDoneButton", "view": "singleViewSelect", "type": "Button", "X": "39", "Y": "80", "width": "34", "height": "20", "Link": "<None>"}, {"name": "svsCancelButton", "view": "singleViewSelect", "type": "Button", "X": "178", "Y": "79", "width": "41", "height": "19", "Link": "<None>"}, {"name": "viewNameText", "view": "singleViewSelect", "type": "Text Field", "X": "39", "Y": "58", "width": "110", "height": "14"}, {"name": "projectStartAnchor", "view": "projectStart", "type": "Anchor", "X": "9", "Y": "6", "width": "130", "height": "18"}, {"name": "psOK", "view": "projectStart", "type": "Button", "X": "277", "Y": "121", "width": "69", "height": "17", "Link": "<None>"}, {"name": "saveProjectAnchor", "view": "saveFile", "type": "Anchor", "X": "8", "Y": "5", "width": "79", "height": "20"}, {"name": "saveFolderText", "view": "saveFile", "type": "Text Field", "X": "377", "Y": "39", "width": "28", "height": "14"}, {"name": "saveFileText", "view": "saveFile", "type": "Text Field", "X": "611", "Y": "371", "width": "21", "height": "13"}, {"name": "sfSave", "view": "saveFile", "type": "Button", "X": "468", "Y": "437", "width": "75", "height": "17", "Link": "<None>"}, {"name": "sfCancel", "view": "saveFile", "type": "Button", "X": "569", "Y": "438", "width": "75", "height": "19", "Link": "<None>"}, {"name": "widgetEditAnchor", "view": "widgetEditor", "type": "Anchor", "X": "129", "Y": "78", "width": "42", "height": "72"}, {"name": "weNameText", "view": "widgetEditor", "type": "Text Field", "X": "182", "Y": "74", "width": "124", "height": "19"}, {"name": "widgetTypeAnchor", "view": "widgetType", "type": "Anchor", "X": "3", "Y": "25", "width": "63", "height": "47"}, {"name": "wtButton", "view": "widgetType", "type": "Button", "X": "23", "Y": "34", "width": "39", "height": "16", "Link": "widgetEditor"}, {"name": "wtText", "view": "widgetType", "type": "Button", "X": "20", "Y": "54", "width": "55", "height": "14", "Link": "widgetEditor"}, {"name": "wtLabel", "view": "widgetType", "type": "Button", "X": "23", "Y": "72", "width": "33", "height": "15", "Link": "widgetEditor"}, {"name": "wtList", "view": "widgetType", "type": "Button", "X": "18", "Y": "91", "width": "30", "height": "14", "Link": "widgetEditor"}, {"name": "wtTab", "view": "widgetType", "type": "Button", "X": "17", "Y": "110", "width": "30", "height": "17", "Link": "widgetEditor"}, {"name": "wtCheckbox", "view": "widgetType", "type": "Button", "X": "23", "Y": "131", "width": "59", "height": "11", "Link": "widgetEditor"}, {"name": "wtRadio", "view": "widgetType", "type": "Button", "X": "23", "Y": "148", "width": "70", "height": "16", "Link": "widgetEditor"}, {"name": "wtAnchor", "view": "widgetType", "type": "Button", "X": "23", "Y": "187", "width": "40", "height": "12", "Link": "widgetEditor"}, {"name": "wtMovePoint", "view": "widgetType", "type": "Button", "X": "24", "Y": "205", "width": "58", "height": "12", "Link": "widgetEditor"}, {"name": "weDrop", "view": "widgetEditor", "type": "Button", "X": "287", "Y": "118", "width": "26", "height": "25", "Link": "widgetType"}, {"name": "we_unfocused_anchor", "view": "weUnfocused", "type": "Anchor", "X": "4", "Y": "2", "width": "99", "height": "21"}, {"name": "left", "view": "widgetEditor", "type": "Button", "X": "200", "Y": "151", "width": "13", "height": "1", "Link": "<None>"}, {"name": "right", "view": "widgetEditor", "type": "Button", "X": "274", "Y": "150", "width": "11", "height": "17", "Link": "<None>"}, {"name": "long_up", "view": "widgetEditor", "type": "Button", "X": "175", "Y": "176", "width": "18", "height": "20", "Link": "<None>"}, {"name": "up", "view": "widgetEditor", "type": "Button", "X": "202", "Y": "177", "width": "10", "height": "15", "Link": "<None>"}, {"name": "down", "view": "widgetEditor", "type": "Button", "X": "274", "Y": "152", "width": "12", "height": "0", "Link": "<None>"}, {"name": "long_down", "view": "widgetEditor", "type": "Button", "X": "294", "Y": "175", "width": "18", "height": "17", "Link": "<None>"}, {"name": "long_narrow", "view": "widgetEditor", "type": "Button", "X": "176", "Y": "202", "width": "18", "height": "15", "Link": "<None>"}, {"name": "narrow", "view": "widgetEditor", "type": "Button", "X": "201", "Y": "200", "width": "13", "height": "18", "Link": "<None>"}, {"name": "wide", "view": "widgetEditor", "type": "Button", "X": "274", "Y": "203", "width": "14", "height": "17", "Link": "<None>"}, {"name": "long_wide", "view": "widgetEditor", "type": "Button", "X": "292", "Y": "152", "width": "20", "height": "0", "Link": "<None>"}, {"name": "long_short", "view": "widgetEditor", "type": "Button", "X": "174", "Y": "227", "width": "20", "height": "19", "Link": "<None>"}, {"name": "short", "view": "widgetEditor", "type": "Button", "X": "200", "Y": "226", "width": "12", "height": "19", "Link": "<None>"}, {"name": "tall", "view": "widgetEditor", "type": "Button", "X": "273", "Y": "227", "width": "13", "height": "16", "Link": "<None>"}, {"name": "long_tall", "view": "widgetEditor", "type": "Button", "X": "292", "Y": "226", "width": "20", "height": "18", "Link": "<None>"}, {"name": "x_value", "view": "widgetEditor", "type": "Text Field", "X": "226", "Y": "149", "width": "36", "height": "19"}, {"name": "y_value", "view": "widgetEditor", "type": "Text Field", "X": "222", "Y": "175", "width": "47", "height": "19"}, {"name": "w_value", "view": "widgetEditor", "type": "Text Field", "X": "226", "Y": "201", "width": "38", "height": "19"}, {"name": "h_value", "view": "widgetEditor", "type": "Text Field", "X": "227", "Y": "227", "width": "36", "height": "19"}, {"name": "add_widget", "view": "widgetEditor", "type": "Button", "X": "4", "Y": "246", "width": "27", "height": "23", "Link": "<None>"}, {"name": "delete_button", "view": "widgetEditor", "type": "Button", "X": "36", "Y": "247", "width": "39", "height": "21", "Link": "<None>"}, {"name": "cancel_button", "view": "widgetEditor", "type": "Button", "X": "80", "Y": "249", "width": "43", "height": "19", "Link": "<None>"}, {"name": "group_text", "view": "widgetEditor", "type": "Text Field", "X": "392", "Y": "76", "width": "116", "height": "15"}, {"name": "value_text", "view": "widgetEditor", "type": "Text Field", "X": "392", "Y": "95", "width": "114", "height": "17"}, {"name": "direction_dd", "view": "widgetEditor", "type": "Button", "X": "482", "Y": "150", "width": "26", "height": "23", "Link": "weDirection"}, {"name": "checked_select", "view": "widgetEditor", "type": "Button", "X": "391", "Y": "179", "width": "83", "height": "17", "Link": "<None>"}, {"name": "unchecked_select", "view": "widgetEditor", "type": "Button", "X": "388", "Y": "208", "width": "84", "height": "17", "Link": "<None>"}, {"name": "we_close_button", "view": "widgetEditor", "type": "Button", "X": "506", "Y": "6", "width": "16", "height": "23", "Link": "<None>"}, {"name": "direction_anchor", "view": "weDirection", "type": "Anchor", "X": "8", "Y": "22", "width": "33", "height": "69"}, {"name": "east_button", "view": "weDirection", "type": "Button", "X": "20", "Y": "72", "width": "37", "height": "15", "Link": "<None>"}, {"name": "south_button", "view": "weDirection", "type": "Button", "X": "21", "Y": "90", "width": "39", "height": "17", "Link": "<None>"}, {"name": "west_button", "view": "weDirection", "type": "Button", "X": "22", "Y": "110", "width": "36", "height": "16", "Link": "<None>"}, {"name": "long_right", "view": "widgetEditor", "type": "Button", "X": "292", "Y": "150", "width": "21", "height": "18", "Link": "<None>"}, {"name": "long_left", "view": "widgetEditor", "type": "Button", "X": "175", "Y": "151", "width": "19", "height": "16", "Link": "<None>"}, {"name": "wtScrollButton", "view": "widgetType", "type": "Button", "X": "23", "Y": "168", "width": "70", "height": "16", "Link": "widgetEditor"}, {"name": "north_button", "view": "weDirection", "type": "Button", "X": "21", "Y": "53", "width": "39", "height": "15", "Link": "<None>"}, {"name": "none_button", "view": "weDirection", "type": "Button", "X": "22", "Y": "35", "width": "53", "height": "16", "Link": "<None>"}]}