Source,Target,Label,Weight,EdgeFlag
53,15,WrittenBy,1,0
30,15,CandidateRead,1,0
53,15,CandidateRead,1,0
53,16,WrittenBy,1,0
30,16,CandidateRead,1,0
53,16,CandidateRead,1,0
53,30,CandidateRead,2,0
54,45,CandidateRead,2,0
54,47,CandidateRead,1,0
53,47,CandidateRead,4,20
48,47,CandidateRead,1,0
54,48,CandidateRead,1,0
52,48,CandidateRead,1,0
53,48,CandidateRead,2,0
45,49,WrittenBy,1,0
46,49,WrittenBy,1,21
45,49,CandidateRead,1,21
46,49,CandidateRead,3,20
48,50,WrittenBy,1,0
47,50,CandidateRead,2,0
48,50,CandidateRead,1,0
52,54,CandidateRead,1,0
53,54,CandidateRead,3,0
54,50,Accesses,1,1
52,50,Accesses,1,1
53,50,Accesses,1,1
47,50,Accesses,1,1
54,50,Accesses,1,1
53,50,Accesses,1,1
56,51,Member,5,0
56,52,Member,5,0
56,53,Member,5,0
56,54,Member,5,0
50,52,WrittenBy,1,0
50,53,WrittenBy,1,0
50,48,WrittenBy,1,0
52,50,WrittenBy,1,0
53,50,WrittenBy,1,0
50,47,WrittenBy,1,0
47,48,WrittenBy,1,0
48,50,WrittenBy,1,0
