Id,Label,Category,Module,NodePattern,AccessPattern,TypeName,File,StateMember,ClassID,Rank,FileLineRange
-1,~~this~~,Field,-1,0,0,Boolean,--,0,0,-1,(0:0-7): 
0,~~this~~,Field,0,0,0,Byte,--,0,1,-1,(0:0-7): 
1,~~this~~,Field,1,0,0,Character,--,0,2,-1,(0:0-7): 
2,~~this~~,Field,2,0,0,Class,--,0,3,-1,(0:0-7): 
3,~~this~~,Field,3,0,0,ClassLoader,--,0,4,-1,(0:0-7): 
4,~~this~~,Field,4,0,0,ClassValue,--,0,5,-1,(0:0-7): 
5,~~this~~,Field,5,0,0,Compiler,--,0,6,-1,(0:0-7): 
6,~~this~~,Field,6,0,0,Double,--,0,7,-1,(0:0-7): 
7,~~this~~,Field,7,0,0,Enum,--,0,8,-1,(0:0-7): 
8,~~this~~,Field,8,0,0,Float,--,0,9,-1,(0:0-7): 
9,~~this~~,Field,9,0,0,InheritableThreadLocal,--,0,10,-1,(0:0-7): 
10,~~this~~,Field,10,0,0,Integer,--,0,11,-1,(0:0-7): 
11,~~this~~,Field,11,0,0,Long,--,0,12,-1,(0:0-7): 
12,~~this~~,Field,12,0,0,Math,--,0,13,-1,(0:0-7): 
13,~~this~~,Field,13,0,0,Number,--,0,14,-1,(0:0-7): 
14,~~this~~,Field,14,0,0,Object,--,0,15,-1,(0:0-7): 
15,printl,Method,15,0,0,Object,--,0,15,-1,--
16,println,Method,16,0,0,Object,--,0,15,-1,--
17,~~this~~,Field,17,0,0,Package,--,0,16,-1,(0:0-7): 
18,~~this~~,Field,18,0,0,Process,--,0,17,-1,(0:0-7): 
19,~~this~~,Field,19,0,0,ProcessBuilder,--,0,18,-1,(0:0-7): 
20,~~this~~,Field,20,0,0,Runtime,--,0,19,-1,(0:0-7): 
21,~~this~~,Field,21,0,0,RuntimePermission,--,0,20,-1,(0:0-7): 
22,~~this~~,Field,22,0,0,SecurityManager,--,0,21,-1,(0:0-7): 
23,~~this~~,Field,23,0,0,Short,--,0,22,-1,(0:0-7): 
24,~~this~~,Field,24,0,0,StackTraceElement,--,0,23,-1,(0:0-7): 
25,~~this~~,Field,25,0,0,StrictMath,--,0,24,-1,(0:0-7): 
26,~~this~~,Field,26,0,0,String,--,0,25,-1,(0:0-7): 
27,~~this~~,Field,27,0,0,StringBuffer,--,0,26,-1,(0:0-7): 
28,~~this~~,Field,28,0,0,StringBuilder,--,0,27,-1,(0:0-7): 
29,~~this~~,Field,29,0,0,System,--,0,28,-1,(0:0-7): 
30,out,Field,30,0,0,System,--,0,28,-1,--
31,~~this~~,Field,31,0,0,Thread,--,0,29,-1,(0:0-7): 
32,~~this~~,Field,32,0,0,ThreadGroup,--,0,30,-1,(0:0-7): 
33,~~this~~,Field,33,0,0,ThreadLocal,--,0,31,-1,(0:0-7): 
34,~~this~~,Field,34,0,0,Throwable,--,0,32,-1,(0:0-7): 
35,~~this~~,Field,35,0,0,Void,--,0,33,-1,(0:0-7): 
36,~~this~~,Field,36,0,0,Appendable,--,0,34,-1,(0:0-7): 
37,~~this~~,Field,37,0,0,AutoCloseable,--,0,35,-1,(0:0-7): 
38,~~this~~,Field,38,0,0,CharSequence,--,0,36,-1,(0:0-7): 
39,~~this~~,Field,39,0,0,Cloneable,--,0,37,-1,(0:0-7): 
40,~~this~~,Field,40,0,0,Comparable,--,0,38,-1,(0:0-7): 
41,~~this~~,Field,41,0,0,Iterable,--,0,39,-1,(0:0-7): 
42,~~this~~,Field,42,0,0,Readable,--,0,40,-1,(0:0-7): 
43,~~this~~,Field,43,0,0,Runnable,--,0,41,-1,(0:0-7): 
